<?xml version="1.0" encoding="UTF-8"?>
<GenRun Id="impl_1" LaunchPart="xc7a35tcpg236-1" LaunchTime="1570587118">
  <File Type="ROUTE-PWR" Name="staycool_power_routed.rpt"/>
  <File Type="PA-TCL" Name="staycool.tcl"/>
  <File Type="BITSTR-BMM" Name="staycool_bd.bmm"/>
  <File Type="ROUTE-PWR-SUM" Name="staycool_power_summary_routed.pb"/>
  <File Type="REPORTS-TCL" Name="staycool_reports.tcl"/>
  <File Type="OPT-DCP" Name="staycool_opt.dcp"/>
  <File Type="OPT-DRC" Name="staycool_drc_opted.rpt"/>
  <File Type="OPT-HWDEF" Name="staycool.hwdef"/>
  <File Type="PWROPT-DCP" Name="staycool_pwropt.dcp"/>
  <File Type="PLACE-DCP" Name="staycool_placed.dcp"/>
  <File Type="PLACE-IO" Name="staycool_io_placed.rpt"/>
  <File Type="PLACE-UTIL" Name="staycool_utilization_placed.rpt"/>
  <File Type="PLACE-UTIL-PB" Name="staycool_utilization_placed.pb"/>
  <File Type="PLACE-CTRL" Name="staycool_control_sets_placed.rpt"/>
  <File Type="PLACE-PRE-SIMILARITY" Name="staycool_incremental_reuse_pre_placed.rpt"/>
  <File Type="BG-BGN" Name="staycool.bgn"/>
  <File Type="POSTPLACE-PWROPT-DCP" Name="staycool_postplace_pwropt.dcp"/>
  <File Type="BG-BIN" Name="staycool.bin"/>
  <File Type="PHYSOPT-DCP" Name="staycool_physopt.dcp"/>
  <File Type="BITSTR-MSK" Name="staycool.msk"/>
  <File Type="ROUTE-ERROR-DCP" Name="staycool_routed_error.dcp"/>
  <File Type="ROUTE-DCP" Name="staycool_routed.dcp"/>
  <File Type="ROUTE-BLACKBOX-DCP" Name="staycool_routed_bb.dcp"/>
  <File Type="ROUTE-DRC" Name="staycool_drc_routed.rpt"/>
  <File Type="ROUTE-DRC-PB" Name="staycool_drc_routed.pb"/>
  <File Type="ROUTE-DRC-RPX" Name="staycool_drc_routed.rpx"/>
  <File Type="BITSTR-LTX" Name="staycool.ltx"/>
  <File Type="ROUTE-METHODOLOGY-DRC" Name="staycool_methodology_drc_routed.rpt"/>
  <File Type="BITSTR-MMI" Name="staycool.mmi"/>
  <File Type="ROUTE-METHODOLOGY-DRC-RPX" Name="staycool_methodology_drc_routed.rpx"/>
  <File Type="ROUTE-METHODOLOGY-DRC-PB" Name="staycool_methodology_drc_routed.pb"/>
  <File Type="BITSTR-SYSDEF" Name="staycool.sysdef"/>
  <File Type="ROUTE-PWR-RPX" Name="staycool_power_routed.rpx"/>
  <File Type="ROUTE-STATUS" Name="staycool_route_status.rpt"/>
  <File Type="ROUTE-STATUS-PB" Name="staycool_route_status.pb"/>
  <File Type="ROUTE-TIMINGSUMMARY" Name="staycool_timing_summary_routed.rpt"/>
  <File Type="ROUTE-TIMING-PB" Name="staycool_timing_summary_routed.pb"/>
  <File Type="ROUTE-TIMING-RPX" Name="staycool_timing_summary_routed.rpx"/>
  <File Type="ROUTE-CLK" Name="staycool_clock_utilization_routed.rpt"/>
  <File Type="ROUTE-BUS-SKEW" Name="staycool_bus_skew_routed.rpt"/>
  <File Type="ROUTE-BUS-SKEW-PB" Name="staycool_bus_skew_routed.pb"/>
  <File Type="ROUTE-BUS-SKEW-RPX" Name="staycool_bus_skew_routed.rpx"/>
  <File Type="POSTROUTE-PHYSOPT-DCP" Name="staycool_postroute_physopt.dcp"/>
  <File Type="POSTROUTE-PHYSOPT-BLACKBOX-DCP" Name="staycool_postroute_physopt_bb.dcp"/>
  <File Type="BG-BIT" Name="staycool.bit"/>
  <File Type="BITSTR-RBT" Name="staycool.rbt"/>
  <File Type="BITSTR-NKY" Name="staycool.nky"/>
  <File Type="BG-DRC" Name="staycool.drc"/>
  <File Type="RDI-RDI" Name="staycool.vdi"/>
  <File Type="WBT-USG" Name="usage_statistics_webtalk.html"/>
  <FileSet Name="sources" Type="DesignSrcs" RelSrcDir="$PSRCDIR/sources_1">
    <Filter Type="Srcs"/>
    <File Path="$PSRCDIR/sources_1/new/Dflipflop.v">
      <FileInfo>
        <Attr Name="ImportPath" Val="$PPRDIR/../../../../../../../../Desktop/lab4assignment/lab4assignment.srcs/sources_1/new/Dflipflop.v"/>
        <Attr Name="ImportTime" Val="1570283881"/>
        <Attr Name="UsedIn" Val="synthesis"/>
        <Attr Name="UsedIn" Val="implementation"/>
        <Attr Name="UsedIn" Val="simulation"/>
      </FileInfo>
    </File>
    <File Path="$PSRCDIR/sources_1/new/anodetext.v">
      <FileInfo>
        <Attr Name="ImportPath" Val="$PPRDIR/../../../../../../../../Desktop/lab4assignment/lab4assignment.srcs/sources_1/new/anodetext.v"/>
        <Attr Name="ImportTime" Val="1570515689"/>
        <Attr Name="UsedIn" Val="synthesis"/>
        <Attr Name="UsedIn" Val="implementation"/>
        <Attr Name="UsedIn" Val="simulation"/>
      </FileInfo>
    </File>
    <File Path="$PSRCDIR/sources_1/new/clockdivider.v">
      <FileInfo>
        <Attr Name="ImportPath" Val="$PPRDIR/../../../../../../../../Desktop/lab4assignment/lab4assignment.srcs/sources_1/new/clockdivider.v"/>
        <Attr Name="ImportTime" Val="1570472322"/>
        <Attr Name="UsedIn" Val="synthesis"/>
        <Attr Name="UsedIn" Val="implementation"/>
        <Attr Name="UsedIn" Val="simulation"/>
      </FileInfo>
    </File>
    <File Path="$PSRCDIR/sources_1/new/clockdivider2.v">
      <FileInfo>
        <Attr Name="ImportPath" Val="$PPRDIR/../../../../../../../../Desktop/lab4assignment/lab4assignment.srcs/sources_1/new/clockdivider2.v"/>
        <Attr Name="ImportTime" Val="1570574079"/>
        <Attr Name="UsedIn" Val="synthesis"/>
        <Attr Name="UsedIn" Val="implementation"/>
        <Attr Name="UsedIn" Val="simulation"/>
      </FileInfo>
    </File>
    <File Path="$PSRCDIR/sources_1/new/scroll.v">
      <FileInfo>
        <Attr Name="ImportPath" Val="$PPRDIR/../../../../../../../../Desktop/lab4assignment/lab4assignment.srcs/sources_1/new/scroll.v"/>
        <Attr Name="ImportTime" Val="1570587090"/>
        <Attr Name="UsedIn" Val="synthesis"/>
        <Attr Name="UsedIn" Val="implementation"/>
        <Attr Name="UsedIn" Val="simulation"/>
      </FileInfo>
    </File>
    <File Path="$PSRCDIR/sources_1/new/singlepulse.v">
      <FileInfo>
        <Attr Name="ImportPath" Val="$PPRDIR/../../../../../../../../Desktop/lab4assignment/lab4assignment.srcs/sources_1/new/singlepulse.v"/>
        <Attr Name="ImportTime" Val="1570454873"/>
        <Attr Name="UsedIn" Val="synthesis"/>
        <Attr Name="UsedIn" Val="implementation"/>
        <Attr Name="UsedIn" Val="simulation"/>
      </FileInfo>
    </File>
    <File Path="$PSRCDIR/sources_1/new/staycool.v">
      <FileInfo>
        <Attr Name="ImportPath" Val="$PPRDIR/../../../../../../../../Desktop/lab4assignment/lab4assignment.srcs/sources_1/new/staycool.v"/>
        <Attr Name="ImportTime" Val="1570574153"/>
        <Attr Name="UsedIn" Val="synthesis"/>
        <Attr Name="UsedIn" Val="implementation"/>
        <Attr Name="UsedIn" Val="simulation"/>
      </FileInfo>
    </File>
    <Config>
      <Option Name="DesignMode" Val="RTL"/>
      <Option Name="TopModule" Val="staycool"/>
    </Config>
  </FileSet>
  <FileSet Name="constrs_in" Type="Constrs" RelSrcDir="$PSRCDIR/constrs_1">
    <Filter Type="Constrs"/>
    <File Path="$PSRCDIR/constrs_1/new/basys.xdc">
      <FileInfo>
        <Attr Name="ImportPath" Val="$PPRDIR/../../../../../../../../Desktop/lab4assignment/lab4assignment.srcs/constrs_1/new/basys.xdc"/>
        <Attr Name="ImportTime" Val="1570364603"/>
        <Attr Name="UsedIn" Val="synthesis"/>
        <Attr Name="UsedIn" Val="implementation"/>
      </FileInfo>
    </File>
    <Config>
      <Option Name="ConstrsType" Val="XDC"/>
    </Config>
  </FileSet>
  <Strategy Version="1" Minor="2">
    <StratHandle Name="Vivado Implementation Defaults" Flow="Vivado Implementation 2018"/>
    <Step Id="init_design"/>
    <Step Id="opt_design"/>
    <Step Id="power_opt_design"/>
    <Step Id="place_design"/>
    <Step Id="post_place_power_opt_design"/>
    <Step Id="phys_opt_design"/>
    <Step Id="route_design"/>
    <Step Id="post_route_phys_opt_design"/>
    <Step Id="write_bitstream"/>
  </Strategy>
</GenRun>
